﻿<?xml version="1.0" encoding="UTF-8"?>
<ruleset xmlns:xsi="http://www.w3.org/2001/XMLSchema-instance" xsi:noNamespaceSchemaLocation="paises.xsd">
  <pais>
    <nombre>Argentina</nombre>
    <ciudad>Buenos Aires</ciudad>
    <ciudad>Rosario</ciudad>
  </pais>
  <pais>
    <nombre>Mexico</nombre>
    <ciudad>Guadalajara</ciudad>
    <ciudad>Monterrey</ciudad>
    <ciudad>Merida</ciudad>
    <ciudad>Ciudad de Mexico</ciudad>
  </pais>
  <pais>
    <nombre>Colombia</nombre>
  </pais>
  </paises>

